{
  "mappings": {
    "properties": {
      "CommandLine": {
        "type": "text"
      },
      "EventID": {
        "type": "integer"
      },
      "HostName": {
        "type": "text"
      },
      "Message": {
        "type": "text"
      },
      "Provider_Name": {
        "type": "text"
      },
      "ServiceName": {
        "type": "text"
      },
      "DnsQuestionName": {
        "type": "text"
      }
    }
  },
  "settings": {
    "index": {
      "number_of_shards": "1",
      "number_of_replicas": "1"
    }
  }
}
